ETF,Years_Data,Date,Return_CAGR (%),Return_Div (%),Risk_Vol (%),Risk_MaxDD (%),Cost_ExpRatio (%),Liq_Volume (M),Liq_AUM (B),FinBERT_score,FinBERT_date
VOO,3.0,2026-04-14,18.64,1.19,14.85,-18.97,0.03,6.35,1421.13,-0.0556,2026-04-16
IVV,3.0,2026-04-14,18.65,1.23,14.95,-19.01,0.03,6.07,720.54,-0.1201,2026-04-16
SPY,3.0,2026-04-14,18.62,1.14,15.25,-19.0,0.095,70.29,651.59,-0.0649,2026-04-16
VTI,3.0,2026-04-14,18.33,1.17,15.43,-19.59,0.03,3.61,1991.75,-0.0433,2026-04-16
QQQ,3.0,2026-04-14,24.86,0.49,19.67,-22.88,0.18,46.62,372.51,-0.0631,2026-04-16
VEA,3.0,2026-04-14,13.91,2.94,15.15,-14.37,0.03,12.01,282.2,0.0328,2026-04-16
VUG,3.0,2026-04-14,23.55,0.46,19.39,-23.04,0.03,1.14,317.92,0.1181,2026-04-16
IEFA,3.0,2026-04-14,12.01,3.52,15.24,-13.86,0.07,9.79,169.63,0.0398,2026-04-16
VTV,3.0,2026-04-14,13.09,2.02,12.44,-15.51,0.03,2.69,225.66,0.1189,2026-04-16
IEMG,3.0,2026-04-14,15.1,2.68,17.25,-18.96,0.09,11.24,134.08,0.0765,2026-04-16
VXUS,3.0,2026-04-14,13.38,2.99,14.83,-15.04,0.05,4.07,582.27,-0.0347,2026-04-16
IWF,3.0,2026-04-14,22.98,0.4,19.16,-23.52,0.18,1.55,111.77,0.0723,2026-04-16
VWO,3.0,2026-04-14,12.12,2.71,16.1,-19.4,0.06,9.61,146.31,0.0364,2026-04-16
VGT,3.0,2026-04-14,26.05,0.44,23.37,-27.41,0.09,0.53,121.28,0.0265,2026-04-16
IJH,3.0,2026-04-14,12.91,1.32,18.14,-24.62,0.05,8.86,106.05,-0.05,2026-04-16
VIG,3.0,2026-04-14,12.81,1.61,12.41,-15.36,0.04,1.1,117.05,0.0789,2026-04-16
IJR,3.0,2026-04-14,11.51,1.29,20.64,-28.91,0.06,4.52,91.99,0.1971,2026-04-16
VO,3.0,2026-04-14,12.73,1.51,14.91,-19.71,0.03,0.67,198.24,-0.0829,2026-04-16
XLK,3.0,2026-04-14,25.31,0.57,23.35,-25.79,0.08,13.07,84.2,-0.2188,2026-04-16
SCHD,3.0,2026-04-14,7.87,3.44,13.39,-17.64,0.06,13.72,84.82,0.0792,2026-04-16
RSP,3.0,2026-04-14,11.27,1.62,14.09,-18.49,0.2,9.11,83.24,-0.0191,2026-04-16
ITOT,3.0,2026-04-14,18.38,1.13,15.36,-19.67,0.03,2.0,79.62,0.0029,2026-04-16
EFA,3.0,2026-04-14,12.06,3.35,15.19,-14.05,0.32,15.22,71.45,0.0375,2026-04-16
VYM,3.0,2026-04-14,12.77,2.37,12.83,-15.02,0.04,1.27,88.72,0.0787,2026-04-16
QQQM,3.0,2026-04-14,24.9,0.53,19.55,-22.83,0.15,2.54,68.83,-0.1081,2026-04-16
IWM,3.0,2026-04-14,14.62,1.02,21.23,-27.88,0.19,34.23,71.92,-0.0824,2026-04-16
VB,3.0,2026-04-14,13.8,1.34,19.09,-25.94,0.03,0.75,164.57,0.2318,2026-04-16
IWD,3.0,2026-04-14,13.27,1.67,13.23,-16.5,0.18,2.43,69.79,0.1286,2026-04-16
VT,3.0,2026-04-14,16.4,1.82,14.26,-16.79,0.06,2.31,79.22,-0.0222,2026-04-16
IVW,3.0,2026-04-14,23.87,0.43,18.84,-22.24,0.18,2.57,60.92,-0.2316,2026-04-16
SCHX,3.0,2026-04-14,18.72,1.17,15.09,-19.28,0.03,9.86,61.44,-0.1683,2026-04-16
VEU,3.0,2026-04-14,13.6,2.93,14.83,-14.92,0.04,2.67,83.66,-0.1741,2026-04-16
SCHF,3.0,2026-04-14,13.92,3.4,15.1,-14.51,0.03,8.49,56.55,-0.0677,2026-04-16
IXUS,3.0,2026-04-14,13.4,3.18,15.05,-14.97,0.07,1.87,51.99,0.0101,2026-04-16
SCHG,3.0,2026-04-14,23.92,0.43,19.43,-23.47,0.04,8.2,48.42,0.15,2026-04-16
IWR,3.0,2026-04-14,13.67,1.28,16.08,-21.61,0.18,1.63,48.22,-0.237,2026-04-16
XLF,3.0,2026-04-14,16.37,1.6,16.25,-15.85,0.08,42.96,47.79,-0.2813,2026-04-16
SMH,3.0,2026-04-14,52.51,0.29,34.19,-36.02,0.35,7.78,40.98,0.0909,2026-04-16
QUAL,3.0,2026-04-14,17.33,0.98,14.75,-18.43,0.15,1.46,46.52,0.1527,2026-04-16
VV,3.0,2026-04-14,18.9,1.13,15.24,-19.25,0.03,0.3,64.19,-0.1837,2026-04-16
IVE,3.0,2026-04-14,12.6,1.64,12.88,-18.35,0.18,0.75,46.62,0.1665,2026-04-16
JEPI,3.0,2026-04-14,1.85,8.4,10.43,-15.93,0.35,4.15,43.96,0.1378,2026-04-16
IWB,3.0,2026-04-14,18.54,1.06,15.08,-19.31,0.15,0.97,42.78,0.0645,2026-04-16
DIA,3.0,2026-04-14,12.56,1.52,13.5,-16.51,0.16,4.01,41.76,-0.149,2026-04-16
DFAC,3.0,2026-04-14,17.09,1.03,15.25,-20.44,0.17,2.03,40.42,0.6101,2026-04-16
VONG,3.0,2026-04-14,22.99,0.51,19.13,-23.47,0.06,1.22,44.95,0.081,2026-04-16
XLE,3.0,2026-04-14,9.47,2.44,21.43,-22.06,0.08,35.79,43.6,-0.1877,2026-04-16
SCHB,3.0,2026-04-14,18.39,1.18,15.14,-19.58,0.03,4.3,36.93,0.099,2026-04-16
DGRO,3.0,2026-04-14,12.63,2.1,12.08,-14.97,0.08,1.72,37.55,0.0898,2026-04-16
XLV,3.0,2026-04-14,3.24,1.71,13.73,-18.11,0.08,9.9,38.6,-0.3151,2026-04-16
SPDW,3.0,2026-04-14,13.96,3.28,15.03,-13.96,0.03,3.61,35.65,-0.1222,2026-04-16
VNQ,3.0,2026-04-14,4.79,3.93,17.08,-19.38,0.13,4.1,64.66,-0.1218,2026-04-16
JEPQ,3.0,2026-04-14,8.96,11.11,15.47,-21.59,0.35,4.11,34.27,0.0193,2026-04-16
VBR,3.0,2026-04-14,13.19,1.91,18.29,-25.1,0.05,0.45,60.63,0.2302,2026-04-16
SPYV,3.0,2026-04-14,12.55,1.82,12.76,-18.38,0.04,2.7,31.78,-0.2453,2026-04-16
DYNF,3.0,2026-04-14,23.65,1.03,15.83,-18.98,0.26,1.81,30.01,0.056,2026-04-16
GDX,3.0,2026-04-14,41.52,0.69,36.42,-30.84,0.51,22.52,28.16,0.0769,2026-04-16
CGDV,3.0,2026-04-14,21.57,1.34,13.66,-14.53,0.33,2.59,29.11,0.2133,2026-04-16
VGK,3.0,2026-04-14,11.69,3.01,15.51,-14.65,0.06,2.93,36.61,-0.1118,2026-04-16
XLI,3.0,2026-04-14,20.2,1.27,16.13,-19.15,0.08,9.94,28.33,-0.1409,2026-04-16
EFV,3.0,2026-04-14,16.2,4.01,14.94,-13.72,0.31,2.69,28.64,-0.0059,2026-04-16
ACWI,3.0,2026-04-14,16.74,1.59,14.38,-16.55,0.32,3.38,28.21,0.0569,2026-04-16
MGK,3.0,2026-04-14,24.58,0.39,19.92,-23.53,0.05,0.37,27.85,0.1896,2026-04-16
IDEV,3.0,2026-04-14,12.68,3.37,14.96,-13.5,0.04,1.13,27.53,-0.0838,2026-04-16
TQQQ,3.0,2026-04-14,54.95,0.75,58.59,-58.3,0.82,144.82,24.59,-0.0865,2026-04-16
IUSG,3.0,2026-04-14,23.31,0.58,18.61,-22.38,0.04,0.51,25.97,0.3024,2026-04-16
EEM,3.0,2026-04-14,15.53,2.16,17.67,-18.67,0.72,29.08,24.91,-0.0239,2026-04-16
VXF,3.0,2026-04-14,16.49,1.18,20.1,-27.38,0.05,0.42,81.52,-0.0811,2026-04-16
XLU,3.0,2026-04-14,10.51,2.59,16.14,-19.69,0.08,25.61,24.42,-0.279,2026-04-16
MDY,3.0,2026-04-14,12.77,1.16,18.16,-24.5,0.23,0.91,24.22,-0.1028,2026-04-16
SOXX,3.0,2026-04-14,41.08,0.51,35.24,-41.67,0.34,4.56,20.59,0.0719,2026-04-16
IUSV,3.0,2026-04-14,12.53,1.81,13.07,-18.56,0.04,0.72,24.08,0.1395,2026-04-16
XLC,3.0,2026-04-14,24.87,1.26,16.94,-18.21,0.08,5.54,24.11,-0.3461,2026-04-16
AVUV,3.0,2026-04-14,16.19,1.41,21.56,-29.36,0.25,0.81,23.43,-0.2399,2026-04-16
FNDX,3.0,2026-04-14,16.11,1.62,13.33,-17.01,0.25,2.76,23.67,0.1109,2026-04-16
FNDF,3.0,2026-04-14,17.12,3.25,15.0,-14.48,0.25,1.17,21.24,0.0004,2026-04-16
USMV,3.0,2026-04-14,8.34,1.59,10.48,-9.68,0.15,2.52,22.56,0.1664,2026-04-16
DVY,3.0,2026-04-14,8.88,3.46,14.34,-17.46,0.38,0.52,22.29,0.0093,2026-04-16
MTUM,3.0,2026-04-14,22.97,0.82,19.85,-21.2,0.15,0.77,20.24,0.1496,2026-04-16
VOOG,3.0,2026-04-14,23.85,0.54,18.86,-22.3,0.07,0.19,20.82,0.0536,2026-04-16
XLY,3.0,2026-04-14,15.87,0.82,20.72,-26.35,0.08,9.17,21.45,-0.298,2026-04-16
AVEM,3.0,2026-04-14,17.55,2.45,17.47,-19.75,0.33,0.71,19.94,0.0818,2026-04-16
VOE,3.0,2026-04-14,12.49,1.99,14.08,-19.47,0.05,0.33,34.67,-0.0796,2026-04-16
VBK,3.0,2026-04-14,14.48,0.52,20.99,-27.76,0.05,0.25,38.69,0.2205,2026-04-16
RDVY,3.0,2026-04-14,17.13,1.03,17.0,-19.84,0.47,0.94,19.85,0.1435,2026-04-16
SCHA,3.0,2026-04-14,14.75,1.17,20.47,-27.9,0.04,2.58,19.8,0.2582,2026-04-16
SDY,3.0,2026-04-14,6.2,2.53,12.4,-15.57,0.35,0.32,20.67,-0.0265,2026-04-16
CGGR,3.0,2026-04-14,23.84,0.11,19.06,-23.37,0.39,1.98,19.47,0.4242,2026-04-16
EMXC,3.0,2026-04-14,19.64,2.64,16.98,-20.5,0.25,2.11,17.54,0.0229,2026-04-16
EWJ,3.0,2026-04-14,14.88,4.33,19.0,-15.99,0.49,6.51,18.33,-0.1867,2026-04-16
DFIV,3.0,2026-04-14,18.57,2.73,14.78,-15.02,0.27,0.92,18.02,0.2989,2026-04-16
IYW,3.0,2026-04-14,29.3,0.15,23.39,-26.51,0.38,0.92,17.69,-0.0406,2026-04-16
IWP,3.0,2026-04-14,13.82,0.36,19.35,-25.26,0.23,0.89,18.66,-0.2296,2026-04-16
VYMI,3.0,2026-04-14,15.78,3.64,14.05,-13.53,0.07,0.63,18.79,-0.0011,2026-04-16
DFUS,3.0,2026-04-14,18.85,0.97,15.28,-19.61,0.09,0.41,17.96,0.0,2026-04-16
AVDV,3.0,2026-04-14,21.2,3.0,16.15,-14.17,0.36,0.52,17.26,0.076,2026-04-16
OEF,3.0,2026-04-14,21.26,0.98,15.95,-19.97,0.2,0.45,17.84,0.0427,2026-04-16
EWY,3.0,2026-04-14,30.87,1.69,28.77,-29.06,0.59,5.28,15.74,0.066,2026-04-16
IWV,3.0,2026-04-14,18.35,0.99,15.24,-19.48,0.2,0.19,17.05,0.0569,2026-04-16
COWZ,3.0,2026-04-14,9.09,2.06,15.35,-22.64,0.49,2.04,18.17,0.1645,2026-04-16
VONV,3.0,2026-04-14,13.27,1.82,13.13,-16.54,0.06,0.68,18.28,0.2152,2026-04-16
SPYG,3.0,2026-04-15,24.7,0.58,18.91,-22.25,0.04,2.67,41.63,-0.2204,2026-04-16
VOT,3.0,2026-04-15,12.61,0.72,17.8,-21.91,0.05,0.19,29.25,-0.073,2026-04-16
SPEM,3.0,2026-04-15,13.4,2.84,15.97,-18.92,0.07,1.94,15.67,0.0613,2026-04-16
SPHQ,3.0,2026-04-15,18.7,1.19,14.16,-16.82,0.15,1.12,15.73,0.0569,2026-04-16
SPMD,3.0,2026-04-15,12.71,1.37,18.06,-24.63,0.03,1.47,15.63,-0.2246,2026-04-16
VHT,3.0,2026-04-15,3.96,1.72,13.84,-17.84,0.09,0.23,18.59,0.0377,2026-04-16
FTEC,3.0,2026-04-15,26.91,0.46,23.53,-27.48,0.084,0.3,15.05,-0.0655,2026-04-16
DGRW,3.0,2026-04-15,13.54,1.43,12.75,-16.79,0.28,0.68,15.37,0.1326,2026-04-16
BBJP,3.0,2026-04-15,14.67,5.13,18.94,-16.84,0.19,1.53,15.01,-0.2933,2026-04-16
DFAI,3.0,2026-04-15,14.7,2.45,14.36,-13.52,0.18,1.1,14.55,-0.0723,2026-04-16
ESGU,3.0,2026-04-15,18.39,1.07,15.34,-19.54,0.15,0.72,14.82,-0.031,2026-04-16
AVDE,3.0,2026-04-15,15.91,2.7,14.81,-13.46,0.23,0.46,14.4,-0.1036,2026-04-16
IWY,3.0,2026-04-15,24.73,0.39,19.4,-23.38,0.2,0.38,14.74,0.1175,2026-04-16
EFG,3.0,2026-04-15,8.36,2.58,16.51,-17.44,0.34,1.06,13.9,-0.1697,2026-04-16
VTWO,3.0,2026-04-15,14.65,1.26,21.23,-28.04,0.06,2.27,14.52,0.0752,2026-04-16
IWS,3.0,2026-04-15,13.05,1.48,15.59,-21.19,0.23,0.46,14.16,-0.2328,2026-04-16
SPSM,3.0,2026-04-15,11.29,1.59,20.53,-28.66,0.03,1.78,13.87,-0.2448,2026-04-16
XLP,3.0,2026-04-15,2.51,2.65,12.11,-14.55,0.08,13.16,15.48,-0.2929,2026-04-16
GSLC,3.0,2026-04-15,17.69,1.06,14.8,-19.08,0.09,0.29,13.85,-0.1141,2026-04-16
SCZ,3.0,2026-04-15,11.7,3.27,15.25,-16.18,0.4,1.2,13.43,-0.2676,2026-04-16
ITA,3.0,2026-04-15,26.76,0.49,18.87,-15.88,0.38,0.57,13.49,0.11,2026-04-16
DFUV,3.0,2026-04-15,14.12,1.51,14.75,-18.26,0.21,0.34,13.44,0.0,2026-04-16
DFIC,3.0,2026-04-15,15.52,2.47,14.26,-13.4,0.22,0.98,12.74,0.7162,2026-04-16
SCHM,3.0,2026-04-15,13.63,1.41,17.76,-23.8,0.04,1.14,12.91,-0.086,2026-04-16
SOXL,3.0,2026-04-15,76.92,0.16,104.4,-87.97,0.75,88.44,12.23,-0.0293,2026-04-16
HDV,3.0,2026-04-15,8.78,2.92,11.67,-10.61,0.08,0.53,13.55,0.1432,2026-04-16
DFAS,3.0,2026-04-15,12.83,1.02,19.74,-26.48,0.26,0.42,12.75,0.2773,2026-04-16
SPMO,3.0,2026-04-15,31.26,0.91,19.04,-20.28,0.13,0.92,12.32,-0.2208,2026-04-16
DFAT,3.0,2026-04-15,13.77,1.56,20.42,-26.61,0.28,0.32,12.67,0.3365,2026-04-16
IWN,3.0,2026-04-15,14.05,1.63,20.83,-27.3,0.24,1.13,12.46,-0.2401,2026-04-16
IWO,3.0,2026-04-15,14.96,0.48,22.36,-28.92,0.24,0.45,12.17,-0.2422,2026-04-16
IQLT,3.0,2026-04-15,11.12,2.29,14.9,-14.16,0.3,1.54,11.94,-0.07,2026-04-16
PAVE,3.0,2026-04-15,25.93,0.86,20.22,-26.49,0.47,1.14,11.63,0.106,2026-04-16
VFH,3.0,2026-04-15,16.76,1.61,17.17,-17.65,0.09,0.53,13.35,0.1038,2026-04-16
SPTM,3.0,2026-04-15,18.46,1.2,14.91,-19.13,0.03,0.58,11.74,0.1584,2026-04-16
AMLP,3.0,2026-04-15,9.47,7.56,15.51,-15.79,1.01,1.44,12.16,0.0508,2026-04-16
SCHE,3.0,2026-04-15,12.64,2.94,16.56,-19.35,0.07,1.44,11.18,0.0468,2026-04-16
ESGV,3.0,2026-04-15,18.98,1.01,16.2,-20.62,0.09,0.22,11.11,0.0315,2026-04-16
MOAT,3.0,2026-04-15,10.87,1.45,15.66,-22.49,0.46,0.86,11.62,0.048,2026-04-16
MGV,3.0,2026-04-15,13.21,2.06,12.18,-13.94,0.05,0.23,11.41,0.0634,2026-04-16
AVUS,3.0,2026-04-15,18.43,1.04,15.47,-20.26,0.15,0.3,10.91,0.0721,2026-04-16
DFAX,3.0,2026-04-15,15.89,2.51,14.47,-14.21,0.28,0.64,10.52,0.7162,2026-04-16
VSS,3.0,2026-04-15,12.07,3.35,14.82,-17.57,0.06,0.35,12.77,-0.2021,2026-04-16
ESGD,3.0,2026-04-15,11.74,3.59,15.32,-13.98,0.2,0.35,10.69,-0.09,2026-04-16
NOBL,3.0,2026-04-15,5.54,2.14,12.81,-16.24,0.35,0.61,11.06,0.0672,2026-04-16
AVLV,3.0,2026-04-15,17.89,1.21,15.36,-20.18,0.15,0.38,10.41,0.1429,2026-04-16
DUHP,3.0,2026-04-15,15.49,1.09,13.97,-18.06,0.2,0.93,10.47,0.0,2026-04-16
VLUE,3.0,2026-04-15,18.47,2.0,16.05,-18.96,0.15,0.49,10.02,0.2782,2026-04-16
DFAU,3.0,2026-04-15,18.44,1.03,15.17,-19.68,0.12,0.6,10.23,0.0316,2026-04-16
ACWX,3.0,2026-04-15,14.03,2.78,15.07,-14.41,0.32,1.44,9.37,-0.0084,2026-04-16
EWZ,3.0,2026-04-15,12.72,4.32,24.45,-37.18,0.59,25.05,9.72,0.1101,2026-04-16
SDVY,3.0,2026-04-15,16.18,1.02,19.65,-26.8,0.58,1.16,10.1,-0.0806,2026-04-16
IGF,3.0,2026-04-15,11.72,2.96,13.09,-16.22,0.39,0.63,10.1,-0.1672,2026-04-16
BBCA,3.0,2026-04-15,16.96,1.86,15.01,-13.33,0.19,0.28,10.0,-0.1271,2026-04-16
VDE,3.0,2026-04-15,10.27,2.27,21.53,-22.6,0.09,0.55,13.2,-0.0919,2026-04-16
IGV,3.0,2026-04-15,9.57,0.0,24.46,-36.61,0.39,6.03,10.38,-0.1099,2026-04-16
IJK,3.0,2026-04-15,14.57,0.62,18.81,-25.9,0.17,0.33,9.91,-0.0508,2026-04-16
PBUS,3.0,2026-04-15,19.26,1.14,15.11,-19.33,0.04,0.3,9.38,0.0609,2026-04-16
GDXJ,3.0,2026-04-15,48.03,2.23,40.57,-32.92,0.51,5.75,9.02,0.2496,2026-04-16
FNDA,3.0,2026-04-15,12.74,1.21,19.79,-26.43,0.25,0.78,9.28,0.1846,2026-04-16
SCHH,3.0,2026-04-15,5.65,3.03,16.91,-19.51,0.07,5.68,9.15,-0.1904,2026-04-16
CGUS,3.0,2026-04-15,20.02,1.0,14.44,-18.27,0.33,0.79,8.85,0.0,2026-04-16
EZU,3.0,2026-04-15,13.79,2.92,17.06,-15.02,0.5,2.3,9.07,-0.0747,2026-04-16
CGGO,3.0,2026-04-15,16.69,2.11,16.23,-17.93,0.47,0.81,8.81,0.0,2026-04-16
PVAL,3.0,2026-04-15,20.13,0.98,13.74,-15.98,0.55,0.51,8.82,0.0784,2026-04-16
QLD,3.0,2026-04-15,43.9,0.19,39.25,-42.34,0.95,6.94,8.35,-0.3767,2026-04-16
FNDE,3.0,2026-04-15,14.93,4.04,17.1,-21.47,0.39,0.83,8.71,0.0077,2026-04-16
AIRR,3.0,2026-04-15,38.74,0.16,25.43,-28.08,0.69,0.36,8.39,0.2023,2026-04-16
CIBR,3.0,2026-04-15,14.16,0.65,21.65,-22.34,0.58,0.77,9.49,-0.0059,2026-04-16
ONEQ,3.0,2026-04-15,25.08,0.83,19.91,-24.36,0.21,0.29,8.6,-0.0154,2026-04-16
BBEU,3.0,2026-04-15,12.18,3.0,15.13,-14.49,0.09,0.75,8.54,-0.0773,2026-04-16
PRF,3.0,2026-04-15,16.24,1.56,13.32,-16.62,0.34,0.39,8.75,0.1928,2026-04-16
VPU,3.0,2026-04-15,10.15,2.57,16.02,-19.99,0.09,0.22,10.79,0.1122,2026-04-16
FDVV,3.0,2026-04-15,14.11,3.0,12.88,-17.16,0.15,0.53,8.53,0.1229,2026-04-16
MGC,3.0,2026-04-15,20.59,1.02,15.45,-19.52,0.05,0.11,9.36,-0.0272,2026-04-16
IEUR,3.0,2026-04-15,11.83,3.01,15.55,-14.25,0.1,0.94,8.33,-0.072,2026-04-16
SHLD,2.6,2026-04-15,53.13,0.51,20.86,-15.06,0.5,0.65,8.08,0.1984,2026-04-16
DBEF,3.0,2026-04-15,13.24,5.49,13.84,-14.62,0.35,0.63,8.18,-0.1212,2026-04-16
JGRO,3.0,2026-04-15,23.1,0.17,19.23,-22.7,0.44,0.32,8.18,0.6083,2026-04-16
VIGI,3.0,2026-04-15,7.08,2.27,13.29,-15.3,0.07,0.29,8.76,-0.0814,2026-04-16
SPYI,3.0,2026-04-15,2.44,12.5,13.02,-18.53,0.68,1.26,8.12,0.0934,2026-04-16
GRID,3.0,2026-04-15,23.14,0.92,19.14,-20.9,0.56,0.19,7.65,-0.055,2026-04-16
DFAE,3.0,2026-04-15,16.71,2.18,16.71,-18.76,0.29,0.8,7.7,0.9182,2026-04-16
RWL,3.0,2026-04-15,15.96,1.38,12.46,-14.72,0.39,0.17,8.09,0.0335,2026-04-16
IGM,3.0,2026-04-15,33.52,0.18,23.33,-26.42,0.39,0.4,7.75,-0.011,2026-04-16
XBI,3.0,2026-04-15,18.5,0.35,27.06,-33.0,0.35,9.55,7.43,0.1233,2026-04-16
IDV,3.0,2026-04-15,16.06,4.63,14.63,-14.21,0.5,0.77,7.94,-0.036,2026-04-16
PPA,3.0,2026-04-15,29.84,0.4,17.5,-15.5,0.58,0.18,7.85,0.1598,2026-04-16
IJJ,3.0,2026-04-15,10.86,1.77,18.35,-23.35,0.18,0.19,7.98,-0.0702,2026-04-16
DFEM,3.0,2026-04-15,16.36,2.26,16.24,-18.81,0.39,0.67,7.46,0.0,2026-04-16
IBB,3.0,2026-04-15,9.67,0.23,19.73,-25.06,0.44,1.65,8.12,0.1251,2026-04-16
QYLD,3.0,2026-04-15,0.64,11.93,13.35,-20.58,0.6,5.51,8.08,-0.0488,2026-04-16
IOO,3.0,2026-04-15,22.26,0.96,15.91,-19.19,0.4,0.17,7.59,-0.0321,2026-04-16
VPL,3.0,2026-04-15,15.77,3.3,17.31,-18.25,0.07,0.65,11.86,-0.0118,2026-04-16
VDC,3.0,2026-04-15,4.58,2.15,11.95,-12.78,0.09,0.14,9.24,0.1101,2026-04-16
FTCS,3.0,2026-04-15,8.32,1.11,11.3,-13.22,0.52,0.35,7.85,-0.0472,2026-04-16
AIQ,3.0,2026-04-15,29.21,0.2,22.53,-26.35,0.68,0.83,7.22,0.0356,2026-04-16
THRO,3.0,2026-04-15,20.56,0.19,15.92,-19.09,0.57,0.51,7.35,0.0649,2026-04-16
EWT,3.0,2026-04-15,21.35,1.4,24.13,-28.01,0.59,3.46,7.18,0.0075,2026-04-16
URTH,3.0,2026-04-15,17.31,1.53,14.36,-16.94,0.24,0.3,7.31,0.0167,2026-04-16
GUNR,3.0,2026-04-15,8.32,2.23,16.52,-23.27,0.46,0.64,7.54,0.2193,2026-04-16
XLRE,3.0,2026-04-15,5.12,3.43,16.95,-18.25,0.08,6.43,7.31,-0.2727,2026-04-16
VIS,3.0,2026-04-15,21.27,0.97,17.17,-21.33,0.09,0.09,7.6,0.0388,2026-04-16
COPX,3.0,2026-04-15,27.93,2.59,35.71,-40.74,0.65,1.65,6.71,-0.0115,2026-04-16
BBUS,3.0,2026-04-15,19.09,1.14,15.01,-19.22,0.02,0.18,6.98,0.0327,2026-04-16
IJS,3.0,2026-04-15,10.38,1.43,21.71,-29.23,0.18,0.36,7.58,0.3293,2026-04-16
SPLV,3.0,2026-04-15,5.31,2.12,10.95,-10.52,0.25,2.36,7.31,-0.2448,2026-04-16
XLB,3.0,2026-04-15,8.58,1.75,17.02,-23.93,0.08,11.65,6.54,-0.3554,2026-04-16
FDL,3.0,2026-04-15,10.95,3.61,13.52,-13.19,0.43,0.79,7.35,0.1382,2026-04-16
VONE,3.0,2026-04-15,18.84,1.14,15.03,-19.31,0.06,0.08,10.18,0.1986,2026-04-16
SPYD,3.0,2026-04-15,6.1,4.37,14.8,-17.98,0.07,1.28,7.05,-0.2494,2026-04-16
JQUA,3.0,2026-04-15,15.53,1.26,13.7,-17.04,0.12,0.61,6.84,0.0782,2026-04-16
HEFA,3.0,2026-04-15,14.22,3.26,13.4,-14.28,0.35,1.06,6.8,-0.1212,2026-04-16
DFSV,3.0,2026-04-15,13.6,1.53,21.35,-28.52,0.3,0.9,6.83,0.1599,2026-04-16
URA,3.0,2026-04-15,39.2,4.4,40.86,-39.45,0.69,3.29,6.51,0.1535,2026-04-16
JGLO,2.6,2026-04-15,14.79,1.25,14.26,-17.73,0.47,0.33,6.54,0.0,2026-04-16
IJT,3.0,2026-04-15,12.83,0.86,20.18,-27.73,0.18,0.12,6.51,0.3182,2026-04-16
IXN,3.0,2026-04-15,28.09,0.34,23.4,-25.55,0.39,0.23,6.26,0.0044,2026-04-16
MCHI,3.0,2026-04-15,5.22,2.27,27.5,-27.63,0.59,3.59,6.61,-0.0336,2026-04-16
DIVO,3.0,2026-04-15,8.2,5.12,10.98,-13.29,0.56,0.45,6.61,0.1866,2026-04-16
TCAF,2.8,2026-04-15,15.41,0.54,14.15,-16.57,0.31,0.67,6.22,0.1884,2026-04-16
BBAX,3.0,2026-04-15,8.06,3.73,16.77,-21.47,0.19,0.27,6.09,-0.0313,2026-04-16
XMMO,3.0,2026-04-15,28.0,0.71,19.99,-25.22,0.35,0.26,5.84,-0.0786,2026-04-16
VFLO,2.8,2026-04-15,19.13,1.42,15.82,-18.3,0.39,0.63,6.16,0.1904,2026-04-16
BBIN,3.0,2026-04-15,12.38,3.9,15.33,-14.26,0.07,0.21,5.84,-0.1652,2026-04-16
INDA,3.0,2026-04-15,7.54,0.0,13.96,-23.28,0.61,5.15,6.75,0.1226,2026-04-16
ESGE,3.0,2026-04-15,16.29,2.45,17.93,-18.03,0.25,0.77,5.88,0.0345,2026-04-16
KWEB,3.0,2026-04-15,-0.42,7.53,35.45,-35.31,0.7,21.2,6.04,-0.0335,2026-04-16
DXJ,3.0,2026-04-15,32.4,1.21,20.44,-22.19,0.48,0.66,5.85,-0.2744,2026-04-16
JAVA,3.0,2026-04-15,12.48,1.35,13.11,-17.08,0.44,0.24,5.97,0.0,2026-04-16
VSGX,3.0,2026-04-15,13.39,3.29,15.19,-15.12,0.1,0.16,5.78,-0.1532,2026-04-16
VOOV,3.0,2026-04-15,12.36,1.8,12.87,-18.39,0.07,0.09,6.24,-0.0004,2026-04-16
XAR,3.0,2026-04-15,33.67,0.35,22.42,-19.82,0.35,0.13,5.78,0.1812,2026-04-16
FXI,3.0,2026-04-15,7.8,2.59,28.53,-30.51,0.73,39.49,5.92,-0.1123,2026-04-16
ARKK,3.0,2026-04-15,24.47,0.0,39.39,-39.56,0.75,11.74,5.98,-0.1786,2026-04-16
SSO,3.0,2026-04-15,32.33,0.82,29.72,-35.34,0.87,5.89,5.41,-0.247,2026-04-16
VCR,3.0,2026-04-15,15.58,0.8,21.14,-27.64,0.09,0.06,6.16,-0.0379,2026-04-16
DLN,3.0,2026-04-15,13.72,1.91,11.73,-14.01,0.28,0.16,5.65,0.3717,2026-04-16
DIHP,3.0,2026-04-15,11.6,2.17,14.17,-12.96,0.27,0.48,5.39,0.7162,2026-04-16
VOX,3.0,2026-04-15,25.83,1.05,18.19,-21.34,0.09,0.19,5.78,0.0798,2026-04-16
DFLV,3.0,2026-04-15,14.13,1.55,14.12,-17.54,0.21,0.54,5.37,0.0,2026-04-16
GSIE,3.0,2026-04-15,13.34,2.72,14.61,-13.38,0.25,0.42,5.19,-0.0788,2026-04-16
DFIS,3.0,2026-04-15,15.68,2.22,15.11,-14.01,0.39,0.41,5.17,0.0,2026-04-16
EFAV,3.0,2026-04-15,10.48,3.03,11.1,-10.94,0.2,0.47,5.34,-0.127,2026-04-16
SCHC,3.0,2026-04-15,13.57,3.65,15.88,-16.62,0.08,0.43,4.99,-0.2137,2026-04-16
SPXL,3.0,2026-04-15,44.13,0.8,44.27,-49.21,0.84,5.68,4.65,-0.2474,2026-04-16
CGXU,3.0,2026-04-15,11.01,5.37,18.09,-21.92,0.54,0.62,4.93,0.0,2026-04-16
KBWB,3.0,2026-04-15,25.91,2.27,24.58,-25.91,0.35,1.52,4.83,0.1865,2026-04-16
XMHQ,3.0,2026-04-15,13.46,0.6,18.89,-25.33,0.25,0.3,5.03,-0.0782,2026-04-16
RECS,3.0,2026-04-15,19.18,0.83,14.78,-19.28,0.15,0.41,4.89,0.1494,2026-04-16
JHMM,3.0,2026-04-15,13.95,0.95,16.46,-22.35,0.41,0.22,4.89,-0.0814,2026-04-16
SCHK,3.0,2026-04-15,18.95,1.17,15.22,-19.44,0.03,0.77,4.74,0.0933,2026-04-16
EWC,3.0,2026-04-15,17.69,1.42,15.45,-14.12,0.5,2.11,4.68,-0.1114,2026-04-16
GNR,3.0,2026-04-15,8.66,2.31,17.95,-24.49,0.4,0.3,4.94,-0.1806,2026-04-16
DSI,3.0,2026-04-15,18.51,1.0,15.98,-20.82,0.25,0.13,4.62,0.0772,2026-04-16
XME,3.0,2026-04-15,30.01,0.35,29.1,-30.63,0.35,2.44,4.38,0.2794,2026-04-16
ILF,3.0,2026-04-15,15.09,3.78,21.21,-29.71,0.47,1.69,4.24,0.3176,2026-04-16
LVHI,3.0,2026-04-15,14.49,3.78,11.36,-11.99,0.4,0.39,4.59,-0.0638,2026-04-16
NLR,3.0,2026-04-15,36.45,2.4,33.36,-30.81,0.56,0.25,4.57,0.1775,2026-04-16
CGDG,2.5,2026-04-15,17.34,1.95,12.21,-10.91,0.47,0.41,4.55,0.1975,2026-04-16
BKLC,3.0,2026-04-15,20.17,1.11,15.14,-19.3,,0.14,4.42,0.0538,2026-04-16
FDN,3.0,2026-04-15,20.53,0.0,21.86,-24.98,0.49,0.51,4.54,0.0165,2026-04-16
REET,3.0,2026-04-15,5.35,3.65,15.66,-20.54,0.14,0.96,4.43,-0.2078,2026-04-16
DISV,3.0,2026-04-15,19.68,2.6,15.54,-14.24,0.42,0.31,4.35,0.388,2026-04-16
FEZ,3.0,2026-04-15,13.61,2.85,17.77,-16.07,0.29,1.64,4.33,-0.0886,2026-04-16
UPRO,3.0,2026-04-15,43.94,1.04,44.43,-49.09,0.89,5.53,3.97,-0.2525,2026-04-16
OMFL,3.0,2026-04-15,10.42,0.86,14.89,-15.7,0.29,0.47,4.18,-0.0249,2026-04-16
RSPT,3.0,2026-04-15,22.1,0.38,22.5,-26.71,0.4,0.49,3.83,-0.0468,2026-04-16
IYR,3.0,2026-04-15,5.81,2.38,16.99,-18.46,0.38,6.28,3.97,-0.156,2026-04-16
KRE,3.0,2026-04-15,16.84,2.42,30.16,-29.16,0.35,16.12,3.71,-0.1179,2026-04-16
SLYG,3.0,2026-04-15,12.72,0.8,20.11,-27.87,0.15,0.15,3.98,0.2834,2026-04-16
SLYV,3.0,2026-04-15,9.7,2.01,21.61,-29.55,0.15,0.23,4.06,0.2818,2026-04-16
VTHR,3.0,2026-04-15,18.52,1.16,15.34,-19.6,0.06,0.03,5.17,0.3438,2026-04-16
EMLP,3.0,2026-04-15,17.04,2.75,13.05,-12.17,0.95,0.24,4.0,0.1945,2026-04-16
TSLL,3.0,2026-04-15,1.93,7.98,110.21,-83.09,0.83,74.6,4.45,-0.44,2026-04-16
IVLU,3.0,2026-04-15,18.25,3.56,15.68,-15.48,0.31,0.53,3.79,-0.069,2026-04-16
HELO,2.5,2026-04-15,12.04,0.66,8.14,-11.02,0.5,0.28,3.76,0.2763,2026-04-16
IFRA,3.0,2026-04-15,16.97,1.7,16.47,-20.77,0.3,0.28,3.7,0.1275,2026-04-16
NVDL,3.0,2026-04-15,131.65,0.0,92.29,-67.55,1.05,13.55,3.73,-0.097,2026-04-16
MAGS,3.0,2026-04-15,36.88,1.69,26.31,-30.46,0.29,1.5,3.5,-0.2553,2026-04-16
IMTM,3.0,2026-04-15,16.62,2.3,16.79,-12.85,0.3,0.36,3.56,-0.1423,2026-04-16
DON,3.0,2026-04-15,9.91,2.41,16.4,-22.09,0.38,0.15,3.72,-0.0801,2026-04-16
TECL,3.0,2026-04-15,49.46,9.64,69.31,-66.7,0.87,1.93,2.98,0.4389,2026-04-16
TDIV,3.0,2026-04-15,23.37,1.5,19.88,-23.28,0.5,0.11,3.54,0.1377,2026-04-16
DEM,3.0,2026-04-15,10.22,4.32,14.86,-17.36,0.63,0.3,3.47,0.2044,2026-04-16
IXJ,3.0,2026-04-15,3.14,1.45,13.53,-18.72,0.4,0.19,3.62,0.0913,2026-04-16
EUFN,3.0,2026-04-15,25.48,3.81,19.0,-15.95,0.49,0.97,3.42,-0.1537,2026-04-16
QTUM,3.0,2026-04-15,39.37,1.1,26.29,-25.6,0.4,0.22,3.25,0.0655,2026-04-16
USRT,3.0,2026-04-15,7.99,2.89,17.25,-19.74,0.08,0.3,3.47,-0.1797,2026-04-16
IWX,3.0,2026-04-15,13.45,1.66,12.3,-13.98,0.2,0.19,3.41,0.3212,2026-04-16
AIA,3.0,2026-04-15,24.79,1.46,23.9,-21.64,0.5,0.13,3.34,0.0419,2026-04-16
SUSA,3.0,2026-04-15,17.0,0.97,15.06,-19.73,0.25,0.17,3.47,0.3761,2026-04-16
XT,3.0,2026-04-15,11.64,8.13,19.33,-22.09,0.46,0.12,3.43,-0.0604,2026-04-16
VIOO,3.0,2026-04-15,11.64,1.31,20.72,-28.98,0.07,0.12,5.22,0.032,2026-04-16
VNQI,3.0,2026-04-15,4.3,4.87,15.15,-20.53,0.12,0.28,3.68,-0.0252,2026-04-16
IDMO,3.0,2026-04-15,21.75,2.06,16.88,-12.67,0.25,0.18,3.2,-0.1391,2026-04-16
AAXJ,3.0,2026-04-15,15.75,1.76,18.56,-20.89,0.72,0.62,3.34,0.0062,2026-04-16
EWU,3.0,2026-04-15,12.87,3.64,14.59,-12.63,0.5,1.8,3.32,-0.4183,2026-04-16
SMLF,3.0,2026-04-15,16.31,1.17,19.97,-26.8,0.15,0.13,3.28,0.2738,2026-04-16
XOP,3.0,2026-04-15,7.42,1.79,27.68,-36.54,0.35,3.66,3.55,-0.1716,2026-04-16
FLJP,3.0,2026-04-15,14.09,5.07,18.58,-15.63,0.09,0.7,2.9,-0.0157,2026-04-16
DFGR,3.0,2026-04-15,4.67,4.23,15.35,-19.87,0.22,0.35,3.19,-0.4358,2026-04-16
FV,3.0,2026-04-15,12.89,0.64,19.3,-23.16,0.89,0.14,3.24,-0.2252,2026-04-16
IYF,3.0,2026-04-15,19.13,1.62,17.1,-16.87,0.38,0.28,3.3,-0.094,2026-04-16
GCOW,3.0,2026-04-15,9.99,4.42,12.7,-12.35,0.6,0.29,3.27,-0.0409,2026-04-16
IMCG,3.0,2026-04-15,14.43,0.8,17.25,-22.21,0.06,0.14,3.1,-0.0893,2026-04-16
EEMV,3.0,2026-04-15,7.59,2.65,11.24,-14.5,0.25,0.4,3.14,0.0,2026-04-16
IVOO,3.0,2026-04-15,12.79,1.33,18.16,-24.77,0.07,0.08,4.95,-0.237,2026-04-16
JTEK,2.5,2026-04-15,25.16,0.0,27.47,-30.61,0.65,0.17,3.08,0.3244,2026-04-16
INTF,3.0,2026-04-15,15.45,2.78,15.26,-13.64,0.16,0.19,3.16,-0.1101,2026-04-16
SPHD,3.0,2026-04-15,4.97,4.31,13.03,-14.26,0.3,0.7,3.29,-0.0313,2026-04-16
ACWV,3.0,2026-04-15,6.94,2.08,9.29,-7.56,0.2,0.19,3.31,-0.0454,2026-04-16
FNDC,3.0,2026-04-15,13.92,3.78,14.73,-14.36,0.39,0.2,3.05,-0.1224,2026-04-16
CALF,3.0,2026-04-15,6.69,1.43,21.09,-34.91,0.59,1.45,3.25,0.3024,2026-04-16
MLPX,3.0,2026-04-15,20.51,4.06,17.0,-17.68,0.45,0.28,3.29,0.1076,2026-04-16
IHI,3.0,2026-04-15,-0.65,0.42,16.62,-23.03,0.38,1.08,3.17,0.1633,2026-04-16
BOTZ,3.0,2026-04-15,13.66,0.73,24.14,-29.02,0.68,0.85,2.94,0.1333,2026-04-16
VAW,3.0,2026-04-15,9.84,1.41,17.65,-23.88,0.09,0.06,4.34,-0.1032,2026-04-16
PTLC,3.0,2026-04-15,12.25,1.13,12.21,-15.17,0.6,0.2,3.03,0.0066,2026-04-16
XYLD,3.0,2026-04-15,-0.62,10.98,10.77,-17.96,0.6,0.64,3.02,0.0355,2026-04-16
NFRA,3.0,2026-04-15,7.08,5.74,11.93,-12.13,0.47,0.09,2.95,-0.144,2026-04-16
USMC,3.0,2026-04-15,19.6,0.84,14.9,-19.31,0.12,0.1,2.89,-0.2405,2026-04-16
LRGF,3.0,2026-04-15,18.91,1.23,15.33,-19.67,0.08,0.15,2.93,0.2189,2026-04-16
USCA,3.0,2026-04-15,18.09,1.24,15.02,-19.36,0.07,0.05,2.67,0.0,2026-04-16
IYH,3.0,2026-04-15,3.43,1.31,13.96,-18.7,0.38,0.41,2.89,0.0835,2026-04-16
GSUS,3.0,2026-04-15,19.43,1.14,15.02,-19.31,0.07,0.11,2.74,-0.047,2026-04-16
FRDM,3.0,2026-04-15,27.66,2.09,20.42,-17.22,0.49,0.17,2.54,0.114,2026-04-16
FHLC,3.0,2026-04-15,4.03,1.44,13.84,-17.78,0.084,0.15,2.81,0.046,2026-04-16
DCOR,2.6,2026-04-15,18.17,1.04,15.4,-19.58,0.14,0.1,2.64,0.0,2026-04-16
SMMD,3.0,2026-04-15,14.71,1.22,19.31,-26.01,0.15,0.14,2.59,0.2739,2026-04-16
ILCG,3.0,2026-04-15,24.0,0.5,19.46,-23.2,0.04,0.08,2.53,0.0,2026-04-16
IXC,3.0,2026-04-15,10.82,2.68,19.58,-22.5,0.4,0.64,2.85,-0.0078,2026-04-16
REMX,3.0,2026-04-15,6.01,1.48,38.7,-63.05,0.58,0.4,2.59,0.1768,2026-04-16
PXF,3.0,2026-04-15,18.1,3.48,14.88,-14.8,0.43,0.08,2.59,-0.0177,2026-04-16
QTEC,3.0,2026-04-15,23.45,0.0,25.87,-29.01,0.55,0.17,2.63,-0.0781,2026-04-16
PRFZ,3.0,2026-04-15,14.41,0.95,20.52,-27.01,0.34,0.14,2.61,0.2578,2026-04-16
IYY,3.0,2026-04-15,18.88,1.01,15.12,-19.27,0.2,0.04,2.58,-0.249,2026-04-16
SQQQ,3.0,2026-04-15,-56.69,5.78,58.77,-92.41,0.95,16.06,2.56,-0.1818,2026-04-16
NUGO,3.0,2026-04-15,25.6,0.0,21.08,-25.12,0.56,0.11,2.49,0.4023,2026-04-16
WTV,3.0,2026-04-15,17.95,1.79,15.46,-19.12,0.12,0.08,2.6,0.3172,2026-04-16
MDYG,3.0,2026-04-15,14.46,0.7,18.66,-25.77,0.15,0.14,2.48,-0.0871,2026-04-16
CQQQ,3.0,2026-04-15,2.99,2.47,34.23,-37.57,0.65,0.55,2.49,-0.037,2026-04-16
AVSC,3.0,2026-04-15,14.81,1.02,21.73,-28.84,0.25,0.1,2.42,0.8851,2026-04-16
JMEE,3.0,2026-04-15,14.14,1.09,18.25,-26.1,0.24,0.1,2.38,0.0,2026-04-16
KOMP,3.0,2026-04-15,15.07,1.8,22.87,-25.38,0.2,0.11,2.35,0.0232,2026-04-16
FLIN,3.0,2026-04-15,8.15,0.67,14.44,-23.76,0.19,0.38,2.46,0.2591,2026-04-16
FUTY,3.0,2026-04-15,10.32,2.5,16.03,-19.87,0.084,0.25,2.44,0.1021,2026-04-16
ITB,3.0,2026-04-15,10.45,1.25,27.52,-33.88,0.38,2.46,2.39,-0.1982,2026-04-16
XSMO,3.0,2026-04-15,21.91,0.61,20.96,-25.19,0.36,0.21,2.28,0.2521,2026-04-16
MDYV,3.0,2026-04-15,10.84,1.87,18.19,-23.29,0.15,0.19,2.41,-0.0923,2026-04-16
IPAC,3.0,2026-04-15,12.66,4.14,16.93,-17.18,0.09,0.12,2.37,-0.0038,2026-04-16
SNPE,3.0,2026-04-15,19.19,1.05,15.17,-19.64,0.1,0.25,2.29,-0.0187,2026-04-16
NULG,3.0,2026-04-15,21.57,0.12,19.04,-22.4,0.26,0.07,2.31,-0.0843,2026-04-16
SECT,3.0,2026-04-15,16.76,0.71,16.74,-21.74,0.69,0.1,2.3,0.1419,2026-04-16
DIVI,3.0,2026-04-15,13.19,3.9,15.0,-14.7,0.09,0.18,2.26,-0.1102,2026-04-16
ARTY,3.0,2026-04-15,22.83,0.0,27.25,-32.44,0.47,0.26,2.08,0.0918,2026-04-16
EQWL,3.0,2026-04-15,14.98,1.71,13.11,-15.39,0.25,0.07,2.29,0.1463,2026-04-16
TSPA,3.0,2026-04-15,20.96,0.65,15.0,-19.04,0.34,0.14,2.09,0.3165,2026-04-16
USCL,2.8,2026-04-15,17.18,1.23,15.09,-19.23,0.08,0.07,2.1,0.0,2026-04-16
HDEF,3.0,2026-04-15,11.93,3.66,13.5,-11.42,0.09,0.2,2.23,-0.0431,2026-04-16
APUE,2.9,2026-04-15,20.59,0.87,14.83,-19.07,0.31,0.15,2.16,0.0,2026-04-16
FSMD,3.0,2026-04-15,14.24,1.37,17.49,-22.7,0.15,0.15,2.14,-0.0903,2026-04-16
ESML,3.0,2026-04-15,14.01,1.08,19.79,-27.17,0.17,0.15,2.14,0.2222,2026-04-16
URNM,3.0,2026-04-15,30.15,2.81,43.15,-52.13,0.75,0.66,2.14,0.2307,2026-04-16
IHDG,3.0,2026-04-15,8.3,1.97,13.91,-18.88,0.58,0.28,2.14,-0.1564,2026-04-16
EPI,3.0,2026-04-15,10.51,0.0,15.4,-22.1,0.84,0.89,2.09,0.1423,2026-04-16
ICLN,3.0,2026-04-15,-0.3,1.47,24.87,-46.93,0.39,3.29,2.16,0.104,2026-04-16
FNCL,3.0,2026-04-15,16.91,1.75,17.19,-17.65,0.084,0.12,2.18,-0.1079,2026-04-16
SCHY,3.0,2026-04-15,10.81,3.53,12.5,-13.64,0.08,0.28,2.12,-0.1239,2026-04-16
SPUS,3.0,2026-04-15,21.19,0.63,17.54,-22.97,0.45,0.27,2.04,-0.2405,2026-04-16
SKYY,3.0,2026-04-15,18.58,0.0,25.84,-31.8,0.6,0.2,2.35,-0.025,2026-04-16
EWW,3.0,2026-04-15,9.36,3.21,23.82,-33.84,0.5,2.16,2.13,0.0179,2026-04-16
ACIO,3.0,2026-04-15,13.3,0.42,9.99,-12.24,0.79,0.13,2.11,0.0,2026-04-16
PABU,3.0,2026-04-15,16.32,1.04,16.21,-21.24,0.1,0.07,2.25,0.396,2026-04-16
SPGP,3.0,2026-04-15,10.26,0.98,17.52,-23.52,0.36,0.24,2.09,-0.0009,2026-04-16
BSVO,3.0,2026-04-15,15.15,1.4,22.04,-29.8,0.45,0.19,2.05,0.95,2026-04-16
EPP,3.0,2026-04-15,8.31,3.59,17.16,-20.99,0.47,0.36,2.04,0.0191,2026-04-16
QGRW,3.0,2026-04-15,27.82,0.09,21.19,-24.5,0.28,0.16,2.09,0.3516,2026-04-16
MLPA,3.0,2026-04-15,7.57,7.14,14.48,-14.93,0.77,0.16,2.17,0.1033,2026-04-16
QGRO,3.0,2026-04-15,20.6,0.21,18.22,-23.89,0.29,0.08,2.02,-0.0704,2026-04-16
JIVE,2.6,2026-04-15,27.71,2.14,15.07,-13.79,0.55,0.06,1.93,0.0272,2026-04-16
GUSA,3.0,2026-04-15,18.91,1.11,14.93,-19.85,0.1,0.0,2.04,0.0,2026-04-16
BGIG,2.6,2026-04-15,13.53,1.85,12.11,-14.11,0.45,0.02,2.04,0.0,2026-04-16
FTHI,3.0,2026-04-15,5.14,8.99,11.87,-18.15,0.76,0.32,2.04,0.3363,2026-04-16
FWD,3.0,2026-04-15,33.84,0.11,24.93,-29.02,0.65,0.07,1.84,0.8519,2026-04-16
OIH,3.0,2026-04-15,12.09,1.2,31.25,-45.7,0.35,0.51,2.34,-0.0421,2026-04-16
COWG,3.0,2026-04-15,19.76,0.35,19.54,-23.61,0.49,0.32,2.1,-0.0288,2026-04-16
FAS,3.0,2026-04-15,29.02,11.78,48.47,-43.26,0.88,0.75,1.94,0.0772,2026-04-16
JMOM,3.0,2026-04-15,22.72,0.88,16.44,-19.66,0.12,0.07,1.91,-0.0673,2026-04-16
PHO,3.0,2026-04-15,10.26,0.58,16.34,-19.42,0.59,0.07,1.98,0.0433,2026-04-16
ICF,3.0,2026-04-15,6.14,2.67,17.02,-18.97,0.32,0.13,1.95,-0.1756,2026-04-16
DES,3.0,2026-04-15,9.96,2.54,19.5,-25.66,0.38,0.14,1.94,0.2963,2026-04-16
QDF,3.0,2026-04-15,14.95,1.69,14.23,-18.79,0.39,0.04,1.97,0.0865,2026-04-16
CGIE,2.5,2026-04-15,15.88,1.2,15.35,-14.06,0.54,0.21,1.87,0.0,2026-04-16
BBMC,3.0,2026-04-15,15.71,1.25,18.71,-24.76,0.07,0.04,1.85,-0.0946,2026-04-16
FIDU,3.0,2026-04-15,21.27,1.04,17.11,-21.19,0.084,0.08,1.85,0.1727,2026-04-16
IWL,3.0,2026-04-15,20.51,0.96,15.35,-19.36,0.15,0.07,1.92,-0.2286,2026-04-16
IYJ,3.0,2026-04-15,16.49,0.83,16.28,-20.05,0.38,0.07,1.98,-0.0007,2026-04-16
TCHP,3.0,2026-04-15,26.16,0.0,19.95,-22.92,0.57,0.12,1.83,-0.2586,2026-04-16
DFSU,3.0,2026-04-15,18.05,0.94,15.76,-20.33,0.15,0.1,1.86,0.0,2026-04-16
IYG,3.0,2026-04-15,19.07,1.18,18.06,-18.76,0.38,0.09,1.91,0.0717,2026-04-16
NULV,3.0,2026-04-15,11.35,1.62,12.89,-16.77,0.26,0.13,1.89,0.1813,2026-04-16
XSOE,3.0,2026-04-15,16.3,1.65,17.47,-20.29,0.32,0.29,1.76,0.0784,2026-04-16
ARKQ,3.0,2026-04-15,37.61,0.27,30.54,-30.76,0.75,0.15,1.83,0.0636,2026-04-16
EWP,3.0,2026-04-15,26.77,2.27,18.87,-13.93,0.5,0.44,1.81,-0.0946,2026-04-16
TILT,3.0,2026-04-15,17.59,1.21,15.53,-20.34,0.25,0.01,1.86,0.3527,2026-04-16
PICK,3.0,2026-04-15,13.25,2.61,25.47,-34.45,0.39,0.34,1.76,0.1776,2026-04-16
PXH,3.0,2026-04-15,14.9,3.81,17.6,-18.97,0.47,0.24,1.82,0.2927,2026-04-16
TMFC,3.0,2026-04-15,26.23,0.16,17.61,-20.37,0.5,0.1,1.78,-0.2674,2026-04-16
PSC,3.0,2026-04-15,15.24,0.67,20.08,-23.78,0.38,0.07,1.77,0.2433,2026-04-16
USD,3.0,2026-04-15,116.71,0.5,76.95,-64.53,0.95,1.27,1.48,0.1633,2026-04-16
XSD,3.0,2026-04-15,25.84,0.25,37.17,-41.37,0.35,0.06,1.62,0.0563,2026-04-16
FIW,3.0,2026-04-15,9.66,0.8,16.5,-18.62,0.51,0.04,1.78,0.1558,2026-04-16
FLQL,3.0,2026-04-15,20.45,1.16,15.41,-19.51,0.15,0.07,1.65,0.0608,2026-04-16
DSTL,3.0,2026-04-15,10.81,1.29,13.63,-17.58,0.39,0.12,1.8,0.0316,2026-04-16
HEDJ,3.0,2026-04-15,9.87,1.67,15.74,-15.93,0.58,0.12,1.7,-0.0748,2026-04-16
JPEF,2.7,2026-04-15,16.85,0.73,15.22,-18.1,0.44,0.09,1.71,0.0,2026-04-16
LIT,3.0,2026-04-15,8.37,0.43,31.04,-53.78,0.75,0.38,1.7,0.1101,2026-04-16
FTXL,3.0,2026-04-15,43.28,0.23,35.52,-41.77,0.6,0.11,1.48,0.1423,2026-04-16
RWR,3.0,2026-04-15,6.81,3.69,17.23,-20.51,0.25,0.29,1.7,-0.2191,2026-04-16
DGS,3.0,2026-04-15,11.28,3.58,14.67,-20.29,0.58,0.2,1.64,0.4493,2026-04-16
REGL,3.0,2026-04-15,8.67,2.26,15.41,-18.11,0.4,0.06,1.66,-0.0489,2026-04-16
HACK,3.0,2026-04-15,15.29,0.08,22.34,-21.9,0.6,0.11,1.88,-0.0393,2026-04-16
FLTW,3.0,2026-04-15,27.98,2.34,22.91,-27.52,0.19,0.1,1.44,0.006,2026-04-16
ICOW,3.0,2026-04-15,13.07,2.29,15.21,-15.89,0.65,0.24,1.64,-0.1607,2026-04-16
IEV,3.0,2026-04-15,12.2,2.76,15.38,-14.63,0.6,0.32,1.63,-0.0805,2026-04-16
TMSL,2.8,2026-04-15,17.4,0.56,18.48,-24.72,0.55,0.12,1.55,-0.969,2026-04-16
USPX,3.0,2026-04-15,19.09,1.2,15.34,-19.4,0.03,0.07,1.53,-0.0389,2026-04-16
FDIS,3.0,2026-04-15,15.71,0.79,21.03,-27.73,0.084,0.09,1.64,-0.0178,2026-04-16
IDU,3.0,2026-04-15,11.25,2.13,15.32,-18.33,0.38,0.12,1.65,0.0274,2026-04-16
IYT,3.0,2026-04-15,11.74,1.07,21.34,-26.76,0.38,0.54,0.91,-0.0355,2026-04-16
PWB,3.0,2026-04-15,29.28,0.0,18.93,-22.1,0.55,0.03,1.56,0.1006,2026-04-16
RPV,3.0,2026-04-15,12.3,2.41,15.93,-16.01,0.35,0.23,1.65,0.024,2026-04-16
RWJ,3.0,2026-04-15,13.03,1.13,22.72,-29.68,0.39,0.15,1.64,0.29,2026-04-16
FCOM,3.0,2026-04-15,25.82,1.0,18.23,-21.35,0.084,0.12,1.61,0.0874,2026-04-16
FLQM,3.0,2026-04-15,9.1,1.56,14.76,-20.22,0.3,0.12,1.67,-0.0892,2026-04-16
DFEV,3.0,2026-04-15,17.13,2.56,15.73,-18.78,0.43,0.14,1.49,0.0701,2026-04-16
GSEW,3.0,2026-04-15,13.71,1.56,14.49,-18.85,0.09,0.06,1.59,-0.1886,2026-04-16
XCEM,3.0,2026-04-15,18.55,3.18,16.95,-21.04,0.16,0.19,1.47,0.0,2026-04-16
DFAR,3.0,2026-04-15,5.57,2.98,16.87,-19.36,0.19,0.41,1.56,-0.0673,2026-04-16
EMGF,3.0,2026-04-15,16.9,2.44,17.44,-19.65,0.26,0.1,1.49,-0.119,2026-04-16
ROBO,3.0,2026-04-15,12.32,0.43,21.85,-27.92,0.95,0.09,1.48,0.1249,2026-04-16
VIOV,3.0,2026-04-15,10.2,1.76,21.63,-29.04,0.1,0.06,1.66,0.2201,2026-04-16
PKW,3.0,2026-04-15,17.17,0.94,15.61,-21.27,0.62,0.05,1.56,0.1797,2026-04-16
RPG,3.0,2026-04-15,19.53,0.22,21.19,-24.81,0.35,0.31,1.5,0.0792,2026-04-16
IYE,3.0,2026-04-15,9.38,2.05,21.27,-21.45,0.38,0.65,1.69,-0.029,2026-04-16
XNTK,3.0,2026-04-15,34.91,0.25,25.11,-28.14,0.35,0.02,1.45,0.0018,2026-04-16
QQEW,3.0,2026-04-15,9.93,0.35,17.91,-21.52,0.55,0.09,1.57,-0.184,2026-04-16
JEMA,3.0,2026-04-15,16.4,2.78,18.31,-20.03,0.33,0.09,1.38,0.0619,2026-04-16
ARKW,3.0,2026-04-15,36.61,1.95,35.35,-37.18,0.76,0.24,1.51,-0.0039,2026-04-16
DTD,3.0,2026-04-15,13.35,1.98,12.18,-15.0,0.28,0.03,1.49,0.1006,2026-04-16
EWL,3.0,2026-04-15,9.56,1.74,14.64,-14.79,0.5,0.54,1.49,0.0363,2026-04-16
MISL,3.0,2026-04-15,28.42,0.37,18.97,-18.37,0.6,0.11,1.44,0.2148,2026-04-16
PSI,3.0,2026-04-15,43.44,0.08,37.63,-41.11,0.56,0.08,1.27,0.1225,2026-04-16
EUSA,3.0,2026-04-15,12.06,1.68,14.59,-18.81,0.09,0.06,1.5,0.064,2026-04-16
IAI,3.0,2026-04-15,23.83,1.18,20.22,-23.39,0.38,0.12,1.54,0.0333,2026-04-16
IMCB,3.0,2026-04-15,13.4,1.38,15.31,-20.4,0.04,0.03,1.44,-0.0879,2026-04-16
SPGM,3.0,2026-04-15,17.15,1.93,14.42,-16.9,0.09,0.09,1.42,-0.0319,2026-04-16
XHB,3.0,2026-04-15,16.11,0.79,26.1,-30.87,0.35,2.58,1.45,-0.2007,2026-04-16
ASHR,3.0,2026-04-15,4.71,2.36,24.04,-33.86,0.65,6.45,1.46,-0.0224,2026-04-16
HFXI,3.0,2026-04-15,15.16,4.44,14.0,-13.52,0.2,0.15,1.38,-0.1363,2026-04-16
INFL,3.0,2026-04-15,18.57,0.91,16.54,-16.38,0.85,0.16,1.47,0.046,2026-04-16
IVOG,3.0,2026-04-15,14.55,0.62,18.81,-26.18,0.1,0.02,1.58,-0.0952,2026-04-16
USVM,3.0,2026-04-15,16.06,1.91,18.28,-24.77,0.29,0.04,1.42,-0.2484,2026-04-16
TAN,3.0,2026-04-15,-11.08,0.0,37.98,-66.8,0.7,1.02,1.48,0.228,2026-04-16
IYM,3.0,2026-04-15,11.62,1.32,18.14,-24.2,0.38,0.06,1.25,0.0171,2026-04-16
RODM,3.0,2026-04-15,15.32,2.96,12.26,-10.59,0.29,0.13,1.41,-0.0847,2026-04-16
VFMO,3.0,2026-04-15,24.38,0.75,21.49,-24.74,0.13,0.03,1.34,-0.0967,2026-04-16
BAI,,2026-04-16,,,,,,,,-0.0995,2026-04-16
QQQI,,2026-04-16,,,,,,,,0.0691,2026-04-16
FENI,,2026-04-16,,,,,,,,0.808,2026-04-16
FNGU,,2026-04-16,,,,,,,,-0.2059,2026-04-16
FELC,,2026-04-16,,,,,,,,0.1131,2026-04-16
AKRE,,2026-04-16,,,,,,,,0.1526,2026-04-16
FMDE,,2026-04-16,,,,,,,,0.5284,2026-04-16
FELG,,2026-04-16,,,,,,,,0.2192,2026-04-16
BLCR,,2026-04-16,,,,,,,,0.8819,2026-04-16
FESM,,2026-04-16,,,,,,,,0.4049,2026-04-16
GRNY,,2026-04-16,,,,,,,,0.3132,2026-04-16
EAGL,,2026-04-16,,,,,,,,-0.0199,2026-04-16
QLTY,,2026-04-16,,,,,,,,0.4514,2026-04-16
MSLC,,2026-04-16,,,,,,,,0.0,2026-04-16
IDEF,,2026-04-16,,,,,,,,-0.3419,2026-04-16
GPIX,,2026-04-16,,,,,,,,0.1297,2026-04-16
GPIQ,,2026-04-16,,,,,,,,0.0561,2026-04-16
FELV,,2026-04-16,,,,,,,,0.0,2026-04-16
BDYN,,2026-04-16,,,,,,,,0.0,2026-04-16
CGGE,,2026-04-16,,,,,,,,0.0,2026-04-16
CGMM,,2026-04-16,,,,,,,,0.8257,2026-04-16
KLMN,,2026-04-16,,,,,,,,0.0,2026-04-16
CGNG,,2026-04-16,,,,,,,,0.0,2026-04-16
ILOW,,2026-04-16,,,,,,,,0.0,2026-04-16
FEGE,,2026-04-16,,,,,,,,0.6038,2026-04-16
CGIC,,2026-04-16,,,,,,,,0.1341,2026-04-16
CGCV,,2026-04-16,,,,,,,,0.8455,2026-04-16
BAFE,,2026-04-16,,,,,,,,0.0,2026-04-16
BDVL,,2026-04-16,,,,,,,,0.0,2026-04-16
RSSL,,2026-04-16,,,,,,,,-0.4662,2026-04-16
SCHV,3.0,2026-04-18,13.07,1.97,12.85,-16.22,0.04,1.88,14.82,0.219,2026-04-18
JIRE,3.0,2026-04-18,12.9,2.96,15.28,-14.91,0.24,0.38,9.89,0.1507,2026-04-18
XLG,3.0,2026-04-18,24.2,0.7,16.91,-20.86,0.2,1.81,9.47,0.1194,2026-04-18
FVD,3.0,2026-04-18,6.12,2.3,11.3,-13.02,0.61,0.84,8.09,0.1989,2026-04-18
FBCG,3.0,2026-04-18,31.55,0.05,22.81,-27.89,0.57,0.45,5.22,0.1227,2026-04-18
SIL,3.0,2026-04-18,47.83,1.11,39.82,-32.91,0.65,1.28,5.13,-0.0116,2026-04-18
RING,3.0,2026-04-18,48.04,0.78,36.9,-30.11,0.39,0.29,3.2,0.0355,2026-04-18
CORO,,2026-04-18,,,,,,,,0.5485,2026-04-18
CWI,3.0,2026-04-18,14.69,2.98,14.97,-14.3,0.3,0.29,2.34,-0.1116,2026-04-18
SPYX,3.0,2026-04-18,20.14,0.98,15.17,-18.95,0.2,0.11,2.34,-0.2137,2026-04-18
FBT,3.0,2026-04-18,10.08,0.0,20.29,-20.05,0.54,0.04,2.27,0.1911,2026-04-18
FENY,3.0,2026-04-18,9.55,2.31,21.78,-22.59,0.084,1.85,2.04,-0.0062,2026-04-18
PIEQ,,2026-04-18,,,,,,,,0.0,2026-04-18
GARP,3.0,2026-04-20,29.72,0.0,20.5,-23.8,,0.08,,0.0609,2026-04-20
